,UNITID,INSTNM,CITY,STABBR,ZIP,ADM_RATE,UGDS,TUITIONFEE_IN,MN_EARN_WNE_P10
634,130837,Margaret H Rollins School of Nursing at Beebe Medical Center,Lewes,DE,19958,,59.0,,
635,130873,Dawn Career Institute LLC,Newark,DE,19702,,108.0,,
636,130907,Delaware Technical Community College-Terry,Dover,DE,19901,,12408.0,4848.0,
637,130934,Delaware State University,Dover,DE,19901,0.4518,3678.0,7868.0,
638,130943,University of Delaware,Newark,DE,19716,0.6289,18948.0,13160.0,
639,130989,Goldey-Beacom College,Wilmington,DE,19808,0.5177,770.0,23850.0,
640,131061,Schilling-Douglas School of Hair Design LLC,Newark,DE,19711,,133.0,,
641,131098,Wesley College,Dover,DE,19901-3875,0.6151,1342.0,26406.0,
642,131113,Wilmington University,New Castle,DE,19720,,8346.0,10940.0,
643,131159,American University,Washington,DC,20016-8001,0.294,7433.0,46615.0,
644,131283,The Catholic University of America,Washington,DC,20064,0.8258,3284.0,44060.0,
645,131399,University of the District of Columbia,Washington,DC,20008,,3606.0,5756.0,
646,131405,Pontifical Faculty of the Immaculate Conception at the Dominican House of Studies,Washington,DC,20017-1585,,,,
647,131450,Gallaudet University,Washington,DC,20002-3695,0.5901,1111.0,16558.0,
648,131469,George Washington University,Washington,DC,20052,0.4098,11718.0,53518.0,
649,131496,Georgetown University,Washington,DC,20057-0001,0.1568,7128.0,52300.0,
650,131520,Howard University,Washington,DC,20059-0001,0.4142,6276.0,25697.0,
651,131803,Strayer University-District of Columbia,Washington,DC,20005,,687.0,13857.0,
652,131830,National Conservatory of Dramatic Arts,Washington,DC,20007,1.0,32.0,9900.0,
653,131876,Trinity Washington University,Washington,DC,20017-1094,0.9228,1498.0,23690.0,
654,131973,Wesley Theological Seminary,Washington,DC,20016-5690,,,,
1446,161651,Aesthetics Institute of Cosmetology,Gaithersburg,MD,20877,,25.0,,
1447,161688,Allegany College of Maryland,Cumberland,MD,21502-2596,,1990.0,3940.0,
1448,161767,Anne Arundel Community College,Arnold,MD,21012-1895,,11294.0,4646.0,
1449,161776,Brightwood College-Towson,Towson,MD,21286-2201,,309.0,,
1450,161800,Award Beauty School,Hagerstown,MD,21740-5610,,157.0,,
1451,161855,Baltimore Studio of Hair Design,Baltimore,MD,21201-3444,,46.0,,
1452,161864,Baltimore City Community College,Baltimore,MD,21215-7893,,3797.0,3074.0,
1453,161873,University of Baltimore,Baltimore,MD,21201-5720,0.8099,2856.0,8824.0,
1454,162007,Bowie State University,Bowie,MD,20715-9465,0.36,5107.0,8064.0,
1455,162061,Capitol Technology University,Laurel,MD,20708,0.7473,421.0,24788.0,
1456,162104,Cecil College,North East,MD,21901-1900,,2112.0,4005.0,
1457,162122,College of Southern Maryland,La Plata,MD,20646-0910,,6699.0,3690.0,
1458,162168,Chesapeake College,Wye Mills,MD,21679-0008,,1744.0,3818.0,
1459,162210,Washington Adventist University,Takoma Park,MD,20912,0.6139,750.0,23400.0,
1460,162283,Coppin State University,Baltimore,MD,21216-3698,0.3651,2459.0,7474.0,
1461,162335,Delmarva Beauty Academy,Salisbury,MD,21804-6952,,51.0,,
1462,162371,North American Trade Schools,Baltimore,MD,21244,,448.0,,
1463,162557,Frederick Community College,Frederick,MD,21702-2964,,4830.0,3520.0,
1464,162584,Frostburg State University,Frostburg,MD,21532-1099,0.7229,4486.0,8914.0,
1465,162609,Garrett College,McHenry,MD,21541,,532.0,3948.0,
1466,162654,Goucher College,Baltimore,MD,21204-2794,0.7884,1526.0,43440.0,
1467,162681,Purdue University Global-Hagerstown,Hagerstown,MD,21742,,470.0,14263.0,
1468,162690,Hagerstown Community College,Hagerstown,MD,21742-6514,,3181.0,3616.0,
1469,162706,Harford Community College,Bel Air,MD,21015-1698,,5018.0,3643.0,
1470,162760,Hood College,Frederick,MD,21701,0.8113,1108.0,37960.0,
1471,162779,Howard Community College,Columbia,MD,21044-3197,,8943.0,3888.0,
1472,162830,Aveda Institute-Maryland,Bel Air,MD,21014-3639,,37.0,,
1473,162928,Johns Hopkins University,Baltimore,MD,21218-2688,0.1254,5663.0,52170.0,
1474,163028,Lincoln College of Technology-Columbia,Columbia,MD,21046,,569.0,,
1475,163046,Loyola University Maryland,Baltimore,MD,21210-2699,0.7528,3903.0,47560.0,
1476,163204,University of Maryland Global Campus,Adelphi,MD,20783-8010,,42289.0,7296.0,
1477,163259,University of Maryland Baltimore,Baltimore,MD,21201-1627,,918.0,,
1478,163268,University of Maryland-Baltimore County,Baltimore,MD,21250,0.6021,11130.0,11518.0,
1479,163286,University of Maryland-College Park,College Park,MD,20742,0.445,29273.0,10399.0,
1480,163295,Maryland Institute College of Art,Baltimore,MD,21217-4134,0.6161,1743.0,46990.0,
1481,163338,University of Maryland Eastern Shore,Princess Anne,MD,21853-1299,0.3901,2799.0,8042.0,
1482,163347,Fortis Institute-Towson,Towson,MD,21204-9840,,412.0,,
1483,163408,Montgomery Beauty School,Silver Spring,MD,20901,,120.0,,
1484,163426,Montgomery College,Rockville,MD,20850,,18915.0,4974.0,
1485,163453,Morgan State University,Baltimore,MD,21251-0001,0.6372,6426.0,7766.0,
1486,163462,Mount St. Mary's University,Emmitsburg,MD,21727-7799,0.6423,1785.0,40550.0,
1487,163532,Ner Israel Rabbinical College,Baltimore,MD,21208,0.6418,265.0,11900.0,
1488,163541,Hair Academy Inc-New Carrollton,New Carrollton,MD,20784,,447.0,,
1489,163578,Notre Dame of Maryland University,Baltimore,MD,21210-2476,0.7140000000000001,808.0,36070.0,
1490,163657,Prince George's Community College,Largo,MD,20774-2199,,10743.0,3770.0,
1491,163736,Brightwood College-Baltimore,Baltimore,MD,21227-1063,,452.0,,
1492,163754,Robert Paul Academy of Cosmetology Arts & Sciences,Timonium,MD,21093,,26.0,,
1493,163815,Maryland Beauty Academy of Essex,Baltimore,MD,21224,,80.0,,
1494,163851,Salisbury University,Salisbury,MD,21801-6862,0.6502,7552.0,9582.0,
1495,163912,St. Mary's College of Maryland,St. Mary's City,MD,20686,0.8242,1519.0,14496.0,
1496,163976,St. John's College,Annapolis,MD,21401,0.5445,458.0,51795.0,
1497,164058,Brightwood College-Beltsville,Beltsville,MD,20705,,529.0,,
1498,164076,Towson University,Towson,MD,21252-0001,0.773,19367.0,9694.0,
1499,164085,Maryland University of Integrative Health,Laurel,MD,20723,,,,
1500,164155,United States Naval Academy,Annapolis,MD,21402-5000,0.0844,4495.0,,
1501,164173,Stevenson University,Stevenson,MD,21153-0641,0.6087,3375.0,35490.0,
1502,164216,Washington College,Chestertown,MD,21620-1438,0.5871,1449.0,44820.0,
1503,164270,McDaniel College,Westminster,MD,21157,0.85,1559.0,41800.0,
1504,164313,Wor-Wic Community College,Salisbury,MD,21804-7131,,2652.0,3000.0,
2933,210474,Jolie Hair and Beauty Academy-Hazleton,Hazleton,PA,18201,,61.0,,
2934,210492,Bryn Athyn College of the New Church,Bryn Athyn,PA,19009-0711,0.8755,323.0,21126.0,
2935,210508,Academy of Vocal Arts,Philadelphia,PA,19103-6685,,,,
2936,210571,Albright College,Reading,PA,19612-5234,0.5004,1999.0,43454.0,
2937,210599,All-State Career School,Essington,PA,19029,,306.0,,
2938,210605,Community College of Allegheny County,Pittsburgh,PA,15233-1895,,14804.0,4198.0,
2939,210669,Allegheny College,Meadville,PA,16335-3902,0.6789,1764.0,45970.0,
2940,210711,The  Beauty Institute,Allentown,PA,18109-1629,,28.0,,
2941,210739,DeSales University,Center Valley,PA,18034-9568,0.7379,2291.0,35900.0,
2942,210748,Altoona Beauty School Inc,Altoona,PA,16602-6039,,53.0,,
2943,210775,Alvernia University,Reading,PA,19607-1799,0.7081,2231.0,33640.0,
2944,210784,The Beauty Institute-Ambler,Ambler,PA,19002,,115.0,,
2945,210809,American College of Financial Services,King of Prussia,PA,19406,,8354.0,,
2946,210890,Antonelli Institute,Erdenheim,PA,19038-8242,,71.0,19890.0,
2947,210942,The Art Institute of Philadelphia,Philadelphia,PA,19103-5198,,842.0,17914.0,
2948,210951,Career Training Academy-Lower Burrell,Lower Burrell,PA,15068,,130.0,,
2949,210960,The Art Institute of Pittsburgh,Pittsburgh,PA,15222,,431.0,17626.0,
2950,211006,Automotive Training Center-Exton,Exton,PA,19341-1310,,304.0,,
2951,211024,Clarks Summit University,South Abington Township,PA,18411-1250,0.5508,498.0,23890.0,
2952,211079,Community College of Beaver County,Monaca,PA,15061-2588,,1768.0,5880.0,
2953,211088,Arcadia University,Glenside,PA,19038-3295,0.6229,2233.0,42330.0,
2954,211130,Missio Theological Seminary,Philadelphia,PA,19123,,,,
2955,211149,Bidwell Training Center Inc,Pittsburgh,PA,15233,0.8529,141.0,,
2956,211158,Bloomsburg University of Pennsylvania,Bloomsburg,PA,17815,0.7325,8276.0,10500.0,
2957,211200,Bradford School,Pittsburgh,PA,15219,0.9054,352.0,15380.0,
2958,211273,Bryn Mawr College,Bryn Mawr,PA,19010,0.3801,1328.0,50500.0,
2959,211291,Bucknell University,Lewisburg,PA,17837,0.3108,3588.0,53986.0,
2960,211307,Bucks County Community College,Newtown,PA,18940-4106,,7257.0,4418.0,
2961,211316,Bucks County School of Beauty Culture Inc,Feasterville,PA,19053-7368,,72.0,,
2962,211334,Butler Beauty Academy,Butler,PA,16001,,20.0,,
2963,211343,Butler County Community College,Butler,PA,16002,,2803.0,4800.0,
2964,211352,Cabrini University,Radnor,PA,19087-3698,0.7321,1536.0,31350.0,
2965,211361,California University of Pennsylvania,California,PA,15419-1394,0.961,5435.0,10840.0,
2966,211431,Carlow University,Pittsburgh,PA,15213-3165,0.9164,1339.0,28596.0,
2967,211440,Carnegie Mellon University,Pittsburgh,PA,15213-3890,0.222,6434.0,53910.0,
2968,211468,Cedar Crest College,Allentown,PA,18104-6196,0.6333,1413.0,38092.0,
2969,211477,Central Penn College,Summerdale,PA,17093-0309,0.789,1188.0,18174.0,
2970,211556,Chatham University,Pittsburgh,PA,15232,0.5455,981.0,36510.0,
2971,211583,Chestnut Hill College,Philadelphia,PA,19118-2693,0.9572,1317.0,35180.0,
2972,211608,Cheyney University of Pennsylvania,Cheyney,PA,19319-0200,,722.0,12104.0,
2973,211617,Brightwood Career Institute-Philadelphia Mills,Philadelphia,PA,19154,,586.0,,
2974,211635,Citizens School of Nursing,Tarentum,PA,15084,0.0,158.0,,
2975,211644,Clarion University of Pennsylvania,Clarion,PA,16214,0.9549,4214.0,10890.0,
2976,211802,DLP Conemaugh Memorial Medical Center,Johnstown,PA,15905-4398,0.8913,228.0,,
2977,211820,Consolidated School of Business-York,York,PA,17404,,114.0,,
2978,211893,Curtis Institute of Music,Philadelphia,PA,19103,0.033,131.0,2675.0,
2979,211909,Dean Institute of Technology,Pittsburgh,PA,15226-1197,,151.0,14550.0,
2980,211927,Delaware County Community College,Media,PA,19063-1094,,11030.0,5291.0,
2981,211981,Delaware Valley University,Doylestown,PA,18901-2697,0.664,1908.0,38000.0,
2982,212009,Dickinson College,Carlisle,PA,17013-2896,0.4871,2339.0,52955.0,
2983,212018,Pennsylvania State University-Dickinson Law,Carlisle,PA,17013-2861,,,,
2984,212045,Douglas Education Center,Monessen,PA,15062,,229.0,16029.0,
2985,212054,Drexel University,Philadelphia,PA,19104,0.7904,15335.0,52002.0,
2986,212106,Duquesne University,Pittsburgh,PA,15282,0.7170000000000001,5930.0,36394.0,
2987,212115,East Stroudsburg University of Pennsylvania,East Stroudsburg,PA,18301-2999,0.8356,5972.0,10098.0,
2988,212133,Eastern University,Saint Davids,PA,19087-3696,0.6561,1837.0,32145.0,
2989,212160,Edinboro University of Pennsylvania,Edinboro,PA,16444-0001,0.9253,4229.0,10282.0,
2990,212197,Elizabethtown College,Elizabethtown,PA,17022-2298,0.7402,1647.0,45350.0,
2991,212230,Empire Beauty School-Lebanon,Lebanon,PA,17042,,41.0,,
2992,212267,Empire Beauty School-York,York,PA,17402,,84.0,,
2993,212276,Empire Beauty School-Lancaster,Lancaster,PA,17603,,78.0,,
2994,212294,Empire Beauty School-Shamokin Dam,Shamokin Dam,PA,17876,,46.0,,
2995,212300,Empire Beauty School-Pottsville,Pottsville,PA,17901,,52.0,,
2996,212328,Empire Beauty  School-Lehigh Valley,Whitehall,PA,18052,,103.0,,
2998,212355,Empire Beauty School-Wyoming Valley,Moosic,PA,18507,,141.0,,
2999,212373,Empire Beauty School-Warminster,Warminster,PA,18974,,28.0,,
3000,212382,Empire Beauty School-Harrisburg,Harrisburg,PA,17109,,123.0,,
3001,212391,Empire Beauty School-Reading,Reading,PA,19605,,119.0,,
3002,212434,Erie Institute of Technology Inc,Erie,PA,16565,,295.0,13770.0,
3003,212443,Evangelical Theological Seminary,Myerstown,PA,17067-1222,,,,
3004,212452,Faith Theological Seminary,Baltimore,MD,21212-2624,1.0,66.0,5870.0,
3005,212568,Aria Health School of Nursing,Trevose,PA,19053-6939,,200.0,18585.0,
3006,212577,Franklin and Marshall College,Lancaster,PA,17604-3003,0.3411,2269.0,54380.0,
3007,212601,Gannon University,Erie,PA,16541-0001,0.799,2616.0,30932.0,
3008,212656,Geneva College,Beaver Falls,PA,15010-3599,0.6901,1330.0,26070.0,
3009,212674,Gettysburg College,Gettysburg,PA,17325,0.45799999999999996,2411.0,52640.0,
3010,212753,Empire Beauty School-NE Philadelphia,Philadelphia,PA,19154,,144.0,,
3011,212771,Gratz College,Melrose Park,PA,19027-3010,,47.0,,
3012,212805,Grove City College,Grove City,PA,16127-2104,0.7987,2327.0,17254.0,
3013,212832,Gwynedd Mercy University,Gwynedd Valley,PA,19437-0901,0.9377,1987.0,33600.0,
3014,212869,Harcum College,Bryn Mawr,PA,19010-3470,,1436.0,23670.0,
3015,212878,Harrisburg Area Community College,Harrisburg,PA,17110-2999,,15968.0,6473.0,
3016,212911,Haverford College,Haverford,PA,19041-1392,0.2005,1291.0,52994.0,
3017,212975,Commonwealth Technical Institute,Johnstown,PA,15905-3092,,183.0,16836.0,
3018,212984,Holy Family University,Philadelphia,PA,19114-2009,0.7075,1904.0,30346.0,
3019,212993,Hussian College School of Art,Philadelphia,PA,19130,0.6939,52.0,19650.0,
3020,213002,Brightwood Career Institute-Pittsburgh,Pittsburgh,PA,15222,,250.0,,
3021,213011,Immaculata University,Immaculata,PA,19345,0.8294,1383.0,27350.0,
3022,213020,Indiana University of Pennsylvania-Main Campus,Indiana,PA,15705-1098,0.9082,9965.0,12119.0,
3023,213163,UPMC Jameson School of Nursing,New Castle,PA,16105,,46.0,10781.0,
3024,213181,Great Lakes Institute of Technology,Erie,PA,16509-2482,0.7593,396.0,,
3025,213215,Jolie Hair and Beauty Academy-Wilkes-Barre,Wilkes Barre,PA,18702,,169.0,,
3026,213233,Johnson College,Scranton,PA,18508-1495,0.9644,446.0,18567.0,
3027,213251,Juniata College,Huntingdon,PA,16652-2196,0.7077,1371.0,43875.0,
3028,213303,Keystone College,La Plume,PA,18440-0200,0.9440000000000001,1274.0,26670.0,
3029,213321,King's College,Wilkes-Barre,PA,18711-0801,0.7092,2065.0,35830.0,
3030,213330,Butler Beauty Academy-Kittanning Beauty Academy,Kittanning,PA,16201,,8.0,,
3031,213349,Kutztown University of Pennsylvania,Kutztown,PA,19530-0730,0.8314,7443.0,9987.0,
3032,213358,La Roche University,Pittsburgh,PA,15237-5898,0.9657,1312.0,27720.0,
3033,213367,La Salle University,Philadelphia,PA,19141-1199,0.7927,3708.0,29500.0,
3034,213376,Lackawanna College,Scranton,PA,18509-3206,,1506.0,15160.0,
3035,213385,Lafayette College,Easton,PA,18042-1768,0.3081,2567.0,51600.0,
3036,213400,Lancaster Bible College,Lancaster,PA,17601-5036,0.7181,1504.0,22580.0,
3037,213446,Lancaster Theological Seminary,Lancaster,PA,17603-2897,,,,
3038,213455,Lancaster School of Cosmetology & Therapeutic Bodywork,Lancaster,PA,17602,,185.0,,
3039,213473,Lansdale School of Business,North Wales,PA,19454-4114,,163.0,10800.0,
3040,213491,Lansdale School of Cosmetology Inc,Lansdale,PA,19446-2003,,53.0,,
3041,213507,Lebanon Valley College,Annville,PA,17003-1400,0.73,1658.0,42180.0,
3042,213525,Lehigh Carbon Community College,Schnecksville,PA,18078-2598,,5588.0,3990.0,
3043,213534,Platt College-Berks Technical Institute,Wyomissing,PA,19610-1168,,724.0,11260.0,
3044,213543,Lehigh University,Bethlehem,PA,18015,0.2515,5057.0,50740.0,
3045,213552,Levittown Beauty Academy,Levittown,PA,19054,,91.0,,
3046,213570,Lincoln Technical Institute-Allentown,Allentown,PA,18104-9889,,444.0,,
3047,213589,Lincoln Technical Institute-Philadelphia,Philadelphia,PA,19136,,246.0,,
3048,213598,Lincoln University,Lincoln University,PA,19352-0999,0.7968,1994.0,11379.0,
3049,213613,Lock Haven University,Lock Haven,PA,17745-2390,0.8904,3425.0,10576.0,
3050,213622,St Margaret School of Nursing,Pittsburgh,PA,15238-3250,0.5714,92.0,15315.0,
3051,213631,United Lutheran Seminary,Gettysburg,PA,17325-1795,,,,
3052,213659,Luzerne County Community College,Nanticoke,PA,18634-3899,,4758.0,5160.0,
3053,213668,Lycoming College,Williamsport,PA,17701-5192,0.6403,1192.0,38618.0,
3054,213774,Manor College,Jenkintown,PA,19046-3399,0.9255,602.0,17029.0,
3055,213783,Mansfield University of Pennsylvania,Mansfield,PA,16933,0.8919,1770.0,12316.0,
3056,213826,Marywood University,Scranton,PA,18509-1598,0.7512,1835.0,33940.0,
3057,213871,McCann School of Business & Technology,Hazle Township,PA,18202,,168.0,11292.0,
3058,213914,Vet Tech Institute,Pittsburgh,PA,15222-3400,,343.0,14980.0,
3059,213932,Roxborough Memorial Hospital School of Nursing,Philadelphia,PA,19128,,142.0,,
3060,213987,Mercyhurst University,Erie,PA,16546,0.6992,2448.0,36320.0,
3061,213996,Messiah College,Mechanicsburg,PA,17055,0.7701,2670.0,34160.0,
3062,214023,The Workforce Institute's City College,Philadelphia,PA,19140-2302,1.0,21.0,12097.0,
3063,214041,Millersville University of Pennsylvania,Millersville,PA,17551-0302,0.7949,6613.0,11858.0,
3064,214069,Misericordia University,Dallas,PA,18612-1098,0.7879,2100.0,31660.0,
3065,214111,Montgomery County Community College,Blue Bell,PA,19422-0796,,8948.0,5730.0,
3066,214148,Moore College of Art and Design,Philadelphia,PA,19103-1179,0.5407,373.0,39833.0,
3067,214157,Moravian College,Bethlehem,PA,18018-6650,0.7597,2007.0,42024.0,
3068,214166,Mount Aloysius College,Cresson,PA,16630-1999,0.9107,1185.0,22430.0,
3069,214175,Muhlenberg College,Allentown,PA,18104,0.4836,2329.0,50830.0,
3070,214254,Brightwood Career Institute-Philadelphia,Philadelphia,PA,19104,,421.0,,
3071,214272,Neumann University,Aston,PA,19014-1298,0.9628,1997.0,30050.0,
3072,214290,New Castle School of Trades,New Castle,PA,16101,1.0,763.0,,
3073,214379,Northampton County Area Community College,Bethlehem,PA,18020-7599,,9203.0,4230.0,
3074,214476,Ohio Valley Hospital School of Nursing,McKees Rocks,PA,15136,0.8,76.0,16300.0,
3075,214528,Orleans Technical College,Philadelphia,PA,19114-1014,0.5728,289.0,,
3076,214564,Salus University,Elkins Park,PA,19027-6262,,,,
3077,214582,Pennsylvania Institute of Technology,Media,PA,19063-4098,,447.0,13230.0,
3078,214591,Pennsylvania State University-Penn State Erie-Behrend College,Erie,PA,16563-0001,0.8891,4283.0,15190.0,
3079,214607,Pennsylvania State University-Penn State Great Valley,Malvern,PA,19355-1488,,,,
3080,214616,Pennsylvania State University-College of Medicine,Hershey,PA,17033-2360,,,,
3081,214625,Pennsylvania State University-Penn State New Kensington,New Kensington,PA,15068-1765,0.7676,573.0,13694.0,
3082,214634,Pennsylvania State University-Penn State Shenango,Sharon,PA,16146-1537,0.7428,345.0,13324.0,
3083,214643,Pennsylvania State University-Penn State Wilkes-Barre,Lehman,PA,18627-0217,0.8245,404.0,13568.0,
3084,214652,Pennsylvania State University-Penn State Scranton,Dunmore,PA,18512-1602,0.7792,1003.0,14460.0,
3085,214670,Pennsylvania State University-Penn State Lehigh Valley,Center Valley,PA,18034-8447,0.8534,823.0,14460.0,
3086,214689,Pennsylvania State University-Penn State Altoona,Altoona,PA,16601-3777,0.9225,3451.0,15190.0,
3087,214698,Pennsylvania State University-Penn State Beaver,Monaca,PA,15061-2764,0.8131,598.0,13694.0,
3088,214704,Pennsylvania State University-Penn State Berks,Reading,PA,19610-1016,0.857,2635.0,15190.0,
3089,214713,Pennsylvania State University-Penn State Harrisburg,Middletown,PA,17057-4846,0.8375,4223.0,15190.0,
3090,214731,Pennsylvania State University-Penn State Brandywine,Media,PA,19063-5522,0.8703,1366.0,14460.0,
3091,214740,Pennsylvania State University-Penn State DuBois,DuBois,PA,15801-2549,0.8387,497.0,13632.0,
3092,214759,Pennsylvania State University-Penn State Fayette- Eberly,Lemont Furnace,PA,15456-1025,0.8214,649.0,13632.0,
3093,214768,Pennsylvania State University-Penn State Hazleton,Hazleton,PA,18202-8025,0.9352,699.0,14460.0,
3094,214777,Pennsylvania State University-Main Campus,University Park,PA,16802-1503,0.5031,40553.0,18436.0,
3095,214786,Pennsylvania State University-Penn State Greater Allegheny,McKeesport,PA,15132-7644,0.8187,488.0,13694.0,
3096,214795,Pennsylvania State University-Penn State Mont Alto,Mont Alto,PA,17237-9700,0.7476,759.0,13694.0,
3097,214801,Pennsylvania State University-Penn State Abington,Abington,PA,19001-3918,0.8523,3674.0,14516.0,
3098,214810,Pennsylvania State University-Penn State Schuylkill,Schuylkill Haven,PA,17972-2202,0.7555,695.0,14398.0,
3099,214829,Pennsylvania State University-Penn State York,York,PA,17403-3326,0.825,899.0,14460.0,
3100,214883,Peirce College,Philadelphia,PA,19102-4699,,1381.0,15060.0,
3101,214892,Penn Commercial Business/Technical School,Washington,PA,15301-6822,0.9539,225.0,20000.0,
3102,214944,Pennco Tech-Bristol,Bristol,PA,19007,,315.0,,
3103,214971,Pennsylvania Academy of the Fine Arts,Philadelphia,PA,19102-1510,0.927,188.0,37096.0,
3104,215008,Pennsylvania Gunsmith School,Pittsburgh,PA,15202-2637,,79.0,,
3105,215044,Cortiva Institute-King of Prussia,King of Prussia,PA,19406,,172.0,,
3106,215053,Pennsylvania College of Art and Design,Lancaster,PA,17608-0059,0.5,257.0,25000.0,
3107,215062,University of Pennsylvania,Philadelphia,PA,19104-6303,0.09300000000000001,10660.0,53534.0,
3108,215099,Jefferson (Philadelphia University + Thomas Jefferson University),Philadelphia,PA,19144-5497,0.5966,2669.0,39280.0,
3109,215105,The University of the Arts,Philadelphia,PA,19102-4901,0.7404,1662.0,43100.0,
3110,215114,Cairn University-Langhorne,Langhorne,PA,19047-2990,0.9855,757.0,26493.0,
3111,215123,Philadelphia College of Osteopathic Medicine,Philadelphia,PA,19131,,,,
3112,215132,University of the Sciences,Philadelphia,PA,19104-4495,0.6076,1268.0,39994.0,
3113,215239,Community College of Philadelphia,Philadelphia,PA,19130-3991,,16012.0,5142.0,
3114,215266,University of Pittsburgh-Bradford,Bradford,PA,16701,0.5436,1296.0,13900.0,
3115,215275,University of Pittsburgh-Greensburg,Greensburg,PA,15601-5860,0.7327,1521.0,13870.0,
3116,215284,University of Pittsburgh-Johnstown,Johnstown,PA,15904,0.7598,2776.0,13876.0,
3117,215293,University of Pittsburgh-Pittsburgh Campus,Pittsburgh,PA,15260,0.5971,19134.0,19080.0,
3118,215309,University of Pittsburgh-Titusville,Titusville,PA,16354,0.6311,292.0,11788.0,
3119,215336,Beaver Falls Beauty Academy,Beaver Falls,PA,15010-4208,,36.0,,
3120,215381,Pittsburgh Institute of Aeronautics,West Mifflin,PA,15122,,409.0,20945.0,
3121,215390,Pittsburgh Institute of Mortuary Science Inc,Pittsburgh,PA,15206-3706,0.8058,209.0,,
3122,215415,Pittsburgh Technical College,Oakdale,PA,15071,,1739.0,16817.0,
3123,215424,Pittsburgh Theological Seminary,Pittsburgh,PA,15206-2596,,,,
3124,215442,Point Park University,Pittsburgh,PA,15222-1984,0.6486,3230.0,30130.0,
3125,215479,Joseph F McCloskey School of Nursing,Pottsville,PA,17901,,63.0,,
3126,215530,The Salon Professional Academy-Altoona,Altoona,PA,16601-2419,,69.0,,
3127,215585,Reading Area Community College,Reading,PA,19602,,3506.0,5460.0,
3128,215594,Reading Hospital School of Health Sciences,Reading,PA,19611,0.2679,288.0,10095.0,
3129,215619,Reconstructionist Rabbinical College,Wyncote,PA,19095-1898,,,,
3130,215628,Reformed Presbyterian Theological Seminary,Pittsburgh,PA,15208-2594,,,,
3131,215637,The Restaurant School at Walnut Hill College,Philadelphia,PA,19104,0.9737,334.0,23550.0,
3132,215646,Brightwood Career Institute-Broomall,Broomall,PA,19008,,339.0,,
3133,215655,Robert Morris University,Moon Township,PA,15108-1189,0.8332,4213.0,29420.0,
3134,215682,Rosedale Technical College,Pittsburgh,PA,15205-9791,,372.0,13380.0,
3135,215691,Rosemont College,Rosemont,PA,19010-1699,0.6961,609.0,19486.0,
3136,215743,Saint Francis University,Loretto,PA,15940,0.7574,1676.0,35066.0,
3137,215770,Saint Joseph's University,Philadelphia,PA,19131-1395,0.7718,5040.0,43880.0,
3138,215798,Saint Vincent College,Latrobe,PA,15650-2690,0.6193,1616.0,34430.0,
3139,215813,Saint Vincent Seminary,Latrobe,PA,15650-2690,,,,
3140,215886,Schuylkill Technology Center,Frackville,PA,17931,,35.0,,
3141,215929,University of Scranton,Scranton,PA,18510-4699,0.7479,3695.0,43310.0,
3142,215947,Seton Hill University,Greensburg,PA,15601,0.7465,1659.0,34660.0,
3143,215974,University of Pittsburgh Medical Center-Shadyside School of Nursing,Pittsburgh,PA,15232,1.0,244.0,15315.0,
3144,215983,Sharon Regional School of Nursing,Sharon,PA,16146,,12.0,24745.0,
3145,215992,Laurel Technical Institute,Sharon,PA,16146,0.8776,176.0,9914.0,
3146,216010,Shippensburg University of Pennsylvania,Shippensburg,PA,17257-2299,0.8355,5464.0,12086.0,
3147,216038,Slippery Rock University of Pennsylvania,Slippery Rock,PA,16057-1383,0.7149,7539.0,10205.0,
3148,216047,Saint Charles Borromeo Seminary-Overbrook,Wynnewood,PA,19096,1.0,75.0,20655.0,
3149,216074,South Hills Beauty Academy,Pittsburgh,PA,15216,,144.0,,
3150,216083,South Hills School of Business & Technology,State College,PA,16801-4516,0.9931,414.0,16608.0,
3151,216162,St Lukes Hospital School of Nursing,Bethlehem,PA,18015,,198.0,,
3152,216223,The Beauty Institute,Stroudsburg,PA,18360-1720,,27.0,,
3153,216278,Susquehanna University,Selinsgrove,PA,17870-1025,0.6953,2283.0,45470.0,
3154,216287,Swarthmore College,Swarthmore,PA,19081,0.107,1565.0,50822.0,
3155,216296,Thaddeus Stevens College of Technology,Lancaster,PA,17602-3198,0.8893,1139.0,7830.0,
3156,216311,Talmudical Yeshiva of Philadelphia,Philadelphia,PA,19131,0.8444,114.0,8900.0,
3157,216339,Temple University,Philadelphia,PA,19122-6096,0.5667,29007.0,16658.0,
3158,216348,Theological Seminary of the Reformed Episcopal Church,Blue Bell,PA,19422-1257,,,,
3159,216357,Thiel College,Greenville,PA,16125-2181,0.6287,736.0,30830.0,
3160,216366,Thomas Jefferson University,Philadelphia,PA,19107,,731.0,,
3161,216418,Fortis Institute-Erie,Erie,PA,16506-1013,,391.0,13157.0,
3162,216427,Triangle Tech Inc-Erie,Erie,PA,16502-2594,,61.0,16408.0,
3163,216436,Triangle Tech Inc-Pittsburgh,Pittsburgh,PA,15214-3897,,144.0,16640.0,
3164,216445,Triangle Tech Inc-Greensburg,Greensburg,PA,15601-3304,,121.0,16594.0,
3165,216454,Triangle Tech Inc-Dubois,Falls Creek,PA,15840-3333,,143.0,16646.0,
3166,216463,Trinity Episcopal School for Ministry,Ambridge,PA,15003-2397,,,,
3167,216524,Ursinus College,Collegeville,PA,19426-1000,0.7821,1485.0,50360.0,
3168,216542,University of Valley Forge,Phoenixville,PA,19460-2373,0.5412,669.0,21370.0,
3169,216551,Valley Forge Military College,Wayne,PA,19087-3695,,265.0,29975.0,
3170,216579,Venus Beauty Academy,Sharon Hill,PA,19079,,112.0,,
3171,216597,Villanova University,Villanova,PA,19085-1699,0.36,6886.0,51284.0,
3172,216630,Washington Hospital School of Nursing,Washington,PA,15301,,49.0,,
3173,216649,Washington Hospital School of Radiologic Technology,Washington,PA,15301,,13.0,11600.0,
3174,216667,Washington & Jefferson College,Washington,PA,15301,0.4785,1378.0,46628.0,
3175,216694,Waynesburg University,Waynesburg,PA,15370-1257,0.9534,1371.0,24010.0,
3176,216746,Welder Training and Testing Institute,Allentown,PA,18109-3253,,72.0,,
3177,216764,West Chester University of Pennsylvania,West Chester,PA,19383,0.685,14223.0,10111.0,
3178,216773,Western Pennsylvania Hospital School of Nursing,Pittsburgh,PA,15224,0.5769,107.0,9255.0,
3179,216782,Pittsburgh Career Institute,Pittsburgh,PA,15219-1907,,197.0,24919.0,
3180,216807,Westminster College,New Wilmington,PA,16172,0.7248,1174.0,36276.0,
3181,216816,Westminster Theological Seminary,Glenside,PA,19038,,,,
3182,216825,Westmoreland County Community College,Youngwood,PA,15697-1895,,4047.0,5190.0,
3183,216852,Widener University,Chester,PA,19013-5792,0.6543,3224.0,44166.0,
3184,216931,Wilkes University,Wilkes-Barre,PA,18766,0.7531,2379.0,34896.0,
3185,217013,Wilson College,Chambersburg,PA,17201-1285,0.5877,697.0,24452.0,
3186,217040,Yeshivath Beth Moshe,Scranton,PA,18505-2196,0.9167,34.0,9200.0,
3187,217059,York College of Pennsylvania,York,PA,17403-3651,0.6990000000000001,4079.0,19430.0,
3188,217077,YTI Career Institute-York,York,PA,17402,,1165.0,,
3627,231280,Paul Mitchell the School-Roanoke,Roanoke,VA,24015,,84.0,,
3628,231411,Advanced Technology Institute,Virginia Beach,VA,23462,0.7954,464.0,13250.0,
3629,231420,Averett University,Danville,VA,24541,0.6102,908.0,33350.0,
3630,231536,Blue Ridge Community College,Weyers Cave,VA,24486-0080,,3054.0,5252.0,
3631,231554,Bluefield College,Bluefield,VA,24605,0.9112,874.0,24800.0,
3632,231581,Bridgewater College,Bridgewater,VA,22812-1599,0.5198,1874.0,33820.0,
3633,231624,William & Mary,Williamsburg,VA,23187-8795,0.3592,6243.0,22044.0,
3634,231651,Regent University,Virginia Beach,VA,23464,0.7829999999999999,4087.0,17288.0,
3635,231688,Central School of Practical Nursing,Norfolk,VA,23502,,18.0,,
3636,231697,Central Virginia Community College,Lynchburg,VA,24502-2498,,2494.0,4726.0,
3637,231712,Christopher Newport University,Newport News,VA,23606-3072,0.7239,4950.0,13654.0,
3638,231721,Suffolk Beauty Academy,Suffolk,VA,23434-3020,,38.0,,
3639,231785,Bryant & Stratton College-Virginia Beach,Virginia Beach,VA,23462,,475.0,17624.0,
3640,231828,Bryant & Stratton College-Richmond,North Chesterfield,VA,23235,,590.0,17288.0,
3641,231837,Radford University-Carilion,Roanoke,VA,24013,0.3922,771.0,25850.0,
3642,231873,Dabney S Lancaster Community College,Clifton Forge,VA,24422-1000,,650.0,4613.0,
3643,231882,Danville Community College,Danville,VA,24541-4004,,1612.0,4598.0,
3644,231970,Eastern Virginia Medical School,Norfolk,VA,23507,,,,
3645,232016,Centura College-Virginia Beach,Virginia Beach,VA,23452-7431,,150.0,15887.0,
3646,232025,Emory & Henry College,Emory,VA,24327-0947,0.7223,977.0,33700.0,
3647,232043,Eastern Mennonite University,Harrisonburg,VA,22802-2462,0.5373,1089.0,35800.0,
3648,232052,Eastern Shore Community College,Melfa,VA,23410,,406.0,4688.0,
3649,232089,Ferrum College,Ferrum,VA,24088-9000,0.7193,1122.0,33025.0,
3650,232186,George Mason University,Fairfax,VA,22030-4444,0.8132,24395.0,11924.0,
3651,232195,Germanna Community College,Locust Grove,VA,22508-2102,,5020.0,4801.0,
3652,232256,Hampden-Sydney College,Hampden-Sydney,VA,23943-0128,0.5505,1046.0,43940.0,
3653,232265,Hampton University,Hampton,VA,23668-0099,0.36200000000000004,3786.0,25441.0,
3654,232308,Hollins University,Roanoke,VA,24020,0.4838,628.0,38285.0,
3655,232414,J Sargeant Reynolds Community College,Richmond,VA,23228-2327,,7343.0,4886.0,
3656,232423,James Madison University,Harrisonburg,VA,22807,0.752,19666.0,10830.0,
3657,232450,John Tyler Community College,Chester,VA,23831-5316,,6216.0,4608.0,
3658,232557,Liberty University,Lynchburg,VA,24515,0.2979,45364.0,21310.0,
3659,232566,Longwood University,Farmville,VA,23909,0.9183,4230.0,12720.0,
3660,232575,Lord Fairfax Community College,Middletown,VA,22645,,3947.0,4627.0,
3661,232609,University of Lynchburg,Lynchburg,VA,24501-3113,0.7455,1979.0,37690.0,
3662,232618,Centra College of Nursing,Lynchburg,VA,24501,,302.0,10528.0,
3663,232672,Mary Baldwin University,Staunton,VA,24401,0.9470000000000001,1058.0,31110.0,
3664,232681,University of Mary Washington,Fredericksburg,VA,22401-5300,0.735,4366.0,12128.0,
3665,232706,Marymount University,Arlington,VA,22207-4299,0.9226,2241.0,30876.0,
3666,232724,Sovah School of Health Professions,Danville,VA,24541,,11.0,,
3667,232788,Mountain Empire Community College,Big Stone Gap,VA,24219,,1543.0,4598.0,
3668,232797,American National University,Salem,VA,24153,,912.0,14886.0,
3669,232867,New River Community College,Dublin,VA,24084-3660,,2444.0,4585.0,
3670,232885,Sentara College of Health Sciences,Chesapeake,VA,23320,,440.0,,
3671,232919,Tidewater Tech-Trades,Norfolk,VA,23502,,359.0,15401.0,
3672,232937,Norfolk State University,Norfolk,VA,23504-8000,0.9013,4643.0,9036.0,
3673,232946,Northern Virginia Community College,Annandale,VA,22003-3796,,40119.0,5498.0,
3674,232982,Old Dominion University,Norfolk,VA,23529,0.8572,19364.0,10050.0,
3675,233019,Patrick Henry Community College,Martinsville,VA,24112,,1481.0,4608.0,
3676,233037,Paul D Camp Community College,Franklin,VA,23851,,726.0,4588.0,
3677,233082,Southside College of Health Sciences,Colonial Heights,VA,23834,,110.0,14202.0,
3678,233091,Miller-Motte Technical College-Lynchburg,Lynchburg,VA,24502,,131.0,10820.0,
3679,233116,Piedmont Virginia Community College,Charlottesville,VA,22902-7589,,3369.0,4678.0,
3680,233277,Radford University,Radford,VA,24142,0.7432,8376.0,10627.0,
3681,233286,Sylvain Melloul International Hair Academy,Lynchburg,VA,24502-2652,,60.0,,
3682,233295,Randolph-Macon College,Ashland,VA,23005-5505,0.6223,1439.0,40000.0,
3683,233301,Randolph College,Lynchburg,VA,24503-1555,0.8644,651.0,38155.0,
3684,233310,Rappahannock Community College,Glenns,VA,23149-2616,,1508.0,4708.0,
3685,233329,Fortis College-Norfolk,Norfolk,VA,23502-4101,,229.0,15200.0,
3686,233338,Richard Bland College,South Prince George,VA,23805-7100,0.3292,882.0,7823.0,
3687,233356,Bon Secours Memorial College of Nursing,Richmond,VA,23227-1149,,477.0,,
3688,233374,University of Richmond,University of Richmond,VA,23173,0.3297,3165.0,50910.0,
3689,233408,Riverside College of Health Careers,Newport News,VA,23601,0.5455,336.0,15849.0,
3690,233426,Roanoke College,Salem,VA,24153-3794,0.6719,1990.0,42819.0,
3691,233480,Bon Secours St Mary's Hospital School of Medical Imaging,Richmond,VA,23227,,29.0,,
3692,233541,Shenandoah University,Winchester,VA,22601-5195,0.8325,2055.0,31920.0,
3693,233611,Southern Virginia University,Buena Vista,VA,24416,0.5616,877.0,15900.0,
3694,233639,Southside Virginia Community College,Alberta,VA,23821,,1579.0,4583.0,
3695,233648,Southwest Virginia Community College,Cedar Bluff,VA,24609,,1621.0,4591.0,
3696,233666,Staunton School of Cosmetology,Staunton,VA,24401-4323,,24.0,,
3697,233684,Strayer University-Virginia,Arlington,VA,22201,,4256.0,13857.0,
3698,233718,Sweet Briar College,Sweet Briar,VA,24595-9998,0.9279999999999999,281.0,37155.0,
3699,233754,Thomas Nelson Community College,Hampton,VA,23666,,6693.0,4679.0,
3700,233772,Tidewater Community College,Norfolk,VA,23510,,19516.0,5434.0,
3701,233842,Union Presbyterian Seminary,Richmond,VA,23227,,,,
3702,233897,The University of Virginia's College at Wise,Wise,VA,24293-4400,0.7751,1249.0,9825.0,
3703,233903,Virginia Highlands Community College,Abingdon,VA,24212-0828,,1493.0,4598.0,
3704,233921,Virginia Polytechnic Institute and State University,Blacksburg,VA,24061-0131,0.7006,27120.0,13230.0,
3705,233949,Virginia Western Community College,Roanoke,VA,24015,,4312.0,5228.0,
3706,234030,Virginia Commonwealth University,Richmond,VA,23284-2512,0.8390000000000001,22393.0,13624.0,
3707,234076,University of Virginia-Main Campus,Charlottesville,VA,22903-2628,0.2735,16207.0,16853.0,
3708,234085,Virginia Military Institute,Lexington,VA,24450-0304,0.5314,1722.0,18214.0,
3709,234119,Virginia School of Hair Design,Hampton,VA,23669,,21.0,,
3710,234137,Virginia University of Lynchburg,Lynchburg,VA,24501,,271.0,9800.0,
3711,234155,Virginia State University,Petersburg,VA,23806,0.9111,4265.0,8726.0,
3712,234164,Virginia Union University,Richmond,VA,23220,0.4392,1211.0,17448.0,
3713,234173,Virginia Wesleyan University,Virginia Beach,VA,23455,0.6988,1369.0,36660.0,
3714,234207,Washington and Lee University,Lexington,VA,24450-2116,0.22,1819.0,50170.0,
3715,234359,Wilson Workforce and Rehabilitation Center,Fishersville,VA,22939-1500,1.0,138.0,,
3716,234377,Wytheville Community College,Wytheville,VA,24382-3308,,1489.0,4613.0,
4010,246071,Career Technology Center of Lackawanna County,Scranton,PA,18508,,72.0,,
4039,248624,Fayette County Career & Technical Institute Practical Nursing Program,Uniontown,PA,15401,,90.0,,
4040,248633,Franklin County Career and Technology Center,Chambersburg,PA,17202,,88.0,,
4046,248934,ECPI University,Virginia Beach,VA,23462,0.7129,11512.0,15051.0,
4050,249609,Fortis Institute-Forty Fort,Forty Fort,PA,18704-2936,,159.0,15787.0,
4051,250027,Laurel Business Institute,Uniontown,PA,15401,0.8559,237.0,9914.0,
4052,250285,Aviation Institute of Maintenance-Philadelphia,Philadelphia,PA,19114-1018,,274.0,16757.0,
4057,251075,Brightwood Career Institute-Harrisburg,Harrisburg,PA,17111,,178.0,,
4062,260363,Greene County Career and Technology Center,Waynesburg,PA,15370-8281,,25.0,,
4079,261861,West Virginia Junior College-United Career Institute,Mount Braddock,PA,15465,,78.0,13170.0,
4100,363721,University of the District of Columbia-David A Clarke School of Law,Washington,DC,20008,,,,
4125,365383,Wilkes-Barre Area Career and Technical Center Practical Nursing,Wilkes Barre,PA,18705-0699,,110.0,,
4136,366252,Pennsylvania College of Technology,Williamsport,PA,17701-5799,,5419.0,16350.0,
4144,366438,Blades School of Hair Design,California,MD,20619,,72.0,,
4151,366632,Mercer County Career Center,Mercer,PA,16137,,31.0,,
4154,366793,Baptist Theological Seminary at Richmond,Henrico,VA,23228,,,,
4164,367431,Butler Beauty Academy-New Castle Beauty Academy,New Castle,PA,16101,,17.0,,
4175,368407,Western Area Career & Technology Center,Canonsburg,PA,15317,0.76,106.0,,
4193,369668,Central Pennsylvania Institute of Science and Technology,Pleasant Gap,PA,16823,,255.0,,
4225,373784,All-State Career-Baltimore,Baltimore,MD,21224,,561.0,,
4255,375939,YTI Career Institute-Altoona,Altoona,PA,16602,,172.0,,
4256,375966,Eastern Center for Arts and Technology,Willow Grove,PA,19090,0.8,59.0,,
4257,375984,Empire Beauty School-Center City Philadelphia,Philadelphia,PA,19102-2701,,317.0,,
4275,377449,Centura College-Newport News,Newport News,VA,23608,,179.0,15887.0,
4276,377458,Centura College-Norfolk,Norfolk,VA,23518-4833,,193.0,16337.0,
4277,377485,Virginia Beach City Public Schools School of Practical Nursing,Virginia Beach,VA,23456-2499,,26.0,,
4325,382957,Fortis College-Richmond,Richmond,VA,23230,,404.0,14359.0,
4335,383367,Greater Altoona Career & Technology Center,Altoona,PA,16602-3616,,234.0,,
4348,384412,University of the Potomac-Washington DC Campus,Washington,DC,20005,,65.0,13884.0,
4351,385503,Fortis Institute-Scranton,Scranton,PA,18509-2903,,287.0,27246.0,
4413,405872,Carroll Community College,Westminster,MD,21157,,2559.0,3907.0,
4419,406413,DCI Career Institute,Monaca,PA,15061,,39.0,,
4420,406422,Central Susquehanna Intermediate Unit LPN Career,Lewisburg,PA,17837,0.9733,101.0,,
4422,406495,Graham Webb International Academy of Hair,Arlington,VA,22209-2131,,71.0,,
4446,407629,Lake Erie College of Osteopathic Medicine,Erie,PA,16509-1025,,,,
4455,408729,Laurel Technical Institute,MEADVILLE,PA,16335,0.7792,96.0,9914.0,
4494,414540,Jean Madeline Aveda Institute,Philadelphia,PA,19147,,268.0,,
4499,414911,Pennsylvania Highlands Community College,Johnstown,PA,15904-2949,,1014.0,5670.0,
4502,415039,Empire Beauty School-Hanover,Hanover,PA,17331,,59.0,,
4535,417840,Prism Career Institute-Philadelphia,Philadelphia,PA,19152,,83.0,,
4562,418409,York County School of Technology-Adult & Continuing Education,York,PA,17402-4696,,104.0,,
4563,418427,Chester County Intermediate Unit,Downingtown,PA,19335,0.5532,104.0,,
4564,418445,Jefferson County Dubois Area Vocational Technical Practical Nursing Program,Reynoldsville,PA,15851,0.7895,24.0,,
4565,418454,Greater Johnstown Career and Technology Center,Johnstown,PA,15904-2998,,189.0,,
4566,418481,Mifflin County Academy of Science and Technology,Lewistown,PA,17044-1697,0.7667,39.0,,
4567,418515,Lenape Technical School Practical Nursing Program,Ford City,PA,16226,,168.0,,
4568,418524,Venango County Area Vocational Technical School,Oil City,PA,16301,0.625,61.0,,
4569,418533,Lancaster County Career and Technology Center,Willow Street,PA,17584,,422.0,,
4570,418542,Lebanon County Area Vocational Technical School,Lebanon,PA,17042,,165.0,,
4571,418560,Indiana County Technology Center,Indiana,PA,15701-1465,,95.0,,
4572,418588,Northern Tier Career Center,Towanda,PA,18848-9731,0.7619,41.0,,
4573,418603,Clarion County Career Center Practical Nursing Program,Shippenville,PA,16254-8975,0.7714,63.0,,
4574,418612,Hazleton Area Career Center,Hazle TWP.,PA,18202,,19.0,,
4575,418658,All-State Career School-Pittsburgh,West Mifflin,PA,15122,,189.0,,
4595,419332,Forbes Road Career and Technology Center,Monroeville,PA,15146,,5.0,,
4596,419341,Jna Institute of Culinary Arts,Philadelphia,PA,19146,,46.0,12725.0,
4599,419457,Argosy University-Northern Virginia,Arlington,VA,22209,,48.0,13438.0,
4600,419484,Crawford County Career and Technical Center Practical Nursing Program,Meadville,PA,16335,,28.0,,
4606,420024,Centura College-Chesapeake,Chesapeake,VA,23320,,190.0,16637.0,
4616,420370,Career Technical Institute,Washington,DC,20005,,387.0,,
4655,427894,CET-Alexandria,Alexandria,VA,22312,,114.0,,
4656,427973,Aviation Institute of Maintenance-Chesapeake,Chesapeake,VA,23320,,183.0,16757.0,
4657,427982,Centura College-Richmond Main,Richmond,VA,23235-5250,,98.0,16337.0,
4677,430184,Strayer University-Maryland,Suitland,MD,20746,,2286.0,13857.0,
4679,430227,Empire Beauty School-Monroeville,Monroeville,PA,15146-2229,,119.0,,
4681,430254,Cortiva Institute-Virginia,Charlottesville,VA,22901,,60.0,,
4682,430306,Cayce/Reilly School of Massage,Virginia Beach,VA,23451,,28.0,,
4693,430908,Clearfield County Career and Technology Center,Clearfield,PA,16830,,64.0,,
4695,430971,Delaware County Technical School-Practical Nursing Program,Broomall,PA,19008,1.0,43.0,,
4705,431266,Henrico County-Saint Marys Hospital School of Practical Nursing,Henrico,VA,23294,0.5962,93.0,,
4710,431600,UPMC Mercy School of Nursing,Pittsburgh,PA,15219-5166,0.8571,154.0,15315.0,
4726,432348,Appalachian School of Law,Grundy,VA,24614-2825,,,,
4729,432524,Delaware College of Art and Design,Wilmington,DE,19801-3007,0.79,143.0,25710.0,
4752,434308,Cortiva Institute-Baltimore,Linthicum,MD,21090,,458.0,,
4762,434672,Community College of Baltimore County,Baltimore,MD,21237,,17614.0,4022.0,
4769,434937,Yeshiva College of the Nations Capital,Silver  Spring,MD,20902,,25.0,10000.0,
4770,434973,University of Phoenix-Maryland,Columbia,MD,21045-5423,,29.0,,
4775,436030,Hair Academy II,Hillcrest Heights,MD,20748-1401,,234.0,,
4798,437097,University of Management and Technology,Arlington,VA,22209-1609,,840.0,9450.0,
4810,437769,Chester Career College,CHESTER,VA,23836,,181.0,,
4816,438212,McCann School of Business & Technology,Pottsville,PA,17901,,188.0,11005.0,
4817,438221,Platt College-McCann-Lewisburg,Lewisburg,PA,17837,,265.0,11346.0,
4822,438498,Stratford University,Fairfax,VA,22030,,1890.0,15135.0,
4825,438647,Altierus Career College-Chesapeake,Chesapeake,VA,23320-2639,,175.0,10407.0,
4844,439473,Bennett Career Institute,Washington,DC,20017,,312.0,,
4873,440174,Career Training Academy-Pittsburgh,Pittsburgh,PA,15229,,65.0,,
4874,440217,Huntingdon County Career and Technology Center,Mill Creek,PA,17060,,36.0,,
4880,440341,The Art Institute of Washington,Arlington,VA,22209-1802,,498.0,17590.0,
4908,441089,Wyotech-Blairsville,Blairsville,PA,15717-1301,,499.0,,
4917,441362,Harris School of Business-Wilmington Campus,Wilmington,DE,19803,,219.0,,
4935,441672,Susquehanna County Career and Technology Center,Springville,PA,18844,,66.0,,
4942,441858,Eastern Virginia Career College,Fredericksburg,VA,22408,,185.0,,
4943,441876,Rudy & Kelly Academy-A Paul Mitchell Partner School,Virginia Beach,VA,23464,,210.0,,
4950,442064,Won Institute of Graduate Studies,Glenside,PA,19038-4535,,,,
4959,442356,Pennsylvania College of Health Sciences,Lancaster,PA,17601,0.6658,1532.0,27568.0,
4970,442639,University of the Potomac-VA Campus,FALLS CHURCH,VA,22043-2536,,37.0,13884.0,
4975,442806,Edward Via College of Osteopathic Medicine,Blacksburg,VA,24060,,,,
5007,443377,Triangle Tech Inc-Sunbury,Sunbury,PA,17801,,76.0,16779.0,
5008,443395,McCann School of Business & Technology,Dickson City,PA,18519,,5.0,9720.0,
5025,443784,Strayer University-Pennsylvania,Trevose,PA,19053,,1788.0,13857.0,
5034,444103,Byzantine Catholic Seminary of Saints Cyril and Methodius,Pittsburgh,PA,15214-2229,,,,
5037,444200,Harris School of Business-Dover Campus,Dover,DE,19901,,226.0,,
5042,444282,Empire Beauty School-Midlothian,Midlothian,VA,23112,,65.0,,
5043,444291,Empire Beauty School-Owings Mills,Owings Mills,MD,21117,,93.0,,
5044,444307,Empire Beauty School-West Mifflin,West Mifflin,PA,15122,,86.0,,
5076,444811,PITC Institute,Wyncote,PA,19095,,216.0,,
5079,444893,Technical Learning Centers Inc,Washington,DC,20006-5540,,172.0,,
5114,445762,Aviation Institute of Maintenance-Manassas,Manassas,VA,20109,,203.0,16757.0,
5116,445799,Universal Technical Institute of Pennsylvania Inc,Exton,PA,19341,,1311.0,,
5119,445869,Divine Mercy University,Sterling,VA,20166,,,,
5133,446206,Culpeper Cosmetology Training Center,Culpeper,VA,22701-1055,,53.0,,
5143,446394,Maple Springs Baptist Bible College and Seminary,Capitol Heights,MD,20743,,36.0,,
5144,446455,Precision Manufacturing Institute,Meadville,PA,16335,,34.0,15662.0,
5154,446640,Harrisburg University of Science and Technology,Harrisburg,PA,17101-2208,,476.0,23900.0,
5159,446996,Chambersburg Beauty School,Chambersburg,PA,17201,,83.0,,
5209,447971,Hair Expressions Academy,Rockville,MD,20852,,103.0,,
5223,448257,Avi Career Training,Great Falls,VA,22066,,6.0,,
5240,448691,International Institute for Restorative Practices,Bethlehem,PA,18018,,,,
5246,448770,Automotive Training Center-Warminster,Warminster,PA,18974,,285.0,,
5249,448859,Triangle Tech Inc-Bethlehem,Bethlehem,PA,18017,,115.0,16779.0,
5275,449472,Delaware Learning Institute of Cosmetology,Dagsboro,DE,19939,,39.0,,
5296,449834,Virginia Beach Theological Seminary,Virginia Beach,VA,23464-6847,,1.0,8210.0,
5303,449922,Appalachian College of Pharmacy,Oakwood,VA,24631,,,,
5304,449931,Averett University-Non-Traditional Programs,Danville,VA,24541,0.56,344.0,10800.0,
5309,449995,Paul Mitchell the School-Tysons Corner,McLean,VA,22102,,209.0,,
5314,450076,Fortis Institute-Baltimore,Baltimore,MD,21244,,87.0,,
5322,450298,Strayer University-Delaware,Newark,DE,19713,,267.0,13857.0,
5328,450483,University of Phoenix-Washington DC,Washington,DC,20001-1431,,70.0,9960.0,
5333,450599,Empire Beauty School-Richmond,Richmond,VA,23294,,72.0,,
5334,450605,Empire Beauty School-North Hills,Pittsburgh,PA,15237,,74.0,,
5354,451051,Academy of Massage and Bodywork,Bear,DE,19701,,95.0,,
5381,451495,CDE Career Institute,Tannersville,PA,18372,,27.0,,
5391,451617,Dominion School of Hair Design,Gloucester Point,VA,23062,,17.0,,
5396,451662,The Art Institute of Pittsburgh-Online Division,Pittsburgh,PA,15222-4332,,2936.0,17014.0,
5408,451909,Fortis College-Landover,Landover,MD,20785-2223,,550.0,14335.0,
5473,455017,Frederick School of Cosmetology,Frederick,MD,21701,,23.0,,
5474,455026,Omega Studios' School of Applied Recording Arts & Sciences,Rockville,MD,20852,,103.0,,
5520,455804,Institute of World Politics,Washington,DC,20036,,,,
5521,455813,Pontifical John Paul II Institute for Studies on Marriage and Family,Washington,DC,20064,,,,
5529,455901,The Temple-A Paul Mitchell Partner School,Frederick,MD,21701,,183.0,,
5532,455947,Pulse Beauty Academy,Downington,PA,19335,,99.0,,
5536,455983,Columbia College,Vienna,VA,22182,,347.0,,
5559,456542,Geisinger Commonwealth School of Medicine,Scranton,PA,18509,,,,
5562,456579,Platt College-McCann-Allentown,Allentown,PA,18109,,568.0,11180.0,
5641,457943,Somerset County Technology Center,Somerset,PA,15501-4309,,70.0,,
5642,457952,Metro Beauty Academy,Allentown,PA,18106,,168.0,,
5654,458113,Bethel College,Hampton,VA,23666,,39.0,8100.0,
5655,458122,Institute of Advanced Medical Esthetics,Ashland,VA,23005-2111,,18.0,,
5672,458450,McCann School of Business & Technology,Carlisle,PA,17013,,84.0,9828.0,
5674,458496,The Art Institute of Virginia Beach,Virginia Beach,VA,23462,,370.0,17590.0,
5683,458830,Empire Beauty School-Springfield,Springfield,PA,19064,,133.0,,
5700,459082,Virginia Polytechnic Institute & State University,Roanoke,VA,24016-4950,,,,
5702,459107,Bryant & Stratton College-Hampton,Hampton,VA,23666,,302.0,17223.0,
5713,459259,South University-Richmond,Glen Allen,VA,23060,,504.0,17014.0,
5714,459268,South University-Virginia Beach,Virginia Beach,VA,23452,,452.0,17014.0,
5718,459301,Paul Mitchell the School-Delaware,Newark,DE,19702,,103.0,,
5739,459745,The Chicago School of Professional Psychology at Washington DC,Washington,DC,20005,,,,
5747,459994,Strayer University-Global Region,Washington,DC,20005,,5543.0,13857.0,
5766,460376,Fairfax University of America,Fairfax,VA,22030-0000,0.2353,67.0,9608.0,
5767,460385,Geisinger-Lewistown Hospital School of Nursing,Lewistown,PA,17044,0.4267,46.0,18142.0,
5779,460598,Harris School of Business-Upper Darby Campus,Upper Darby,PA,19082,,578.0,,
5798,460871,Chamberlain University-Virginia,Arlington,VA,22202,0.3333,501.0,19375.0,
5801,460923,Virginia College-Richmond,Richmond,VA,23225-5502,,440.0,,
5817,461193,Bella Capelli Academy,Monroeville,PA,15146-2388,,181.0,,
5818,461218,Institute of Medical Careers,Pittsburgh,PA,15235-3718,,159.0,,
5834,461379,Holistic Massage Training Institute,Baltimore,MD,21218,,59.0,,
5836,461412,Northern Virginia School of Therapeutic Massage,Falls Church,VA,22042-4302,,129.0,,
5839,461449,Cosmopolitan Beauty and Tech School,Annandale,VA,22003-3204,,115.0,,
5929,469586,Cortiva Institute-York,York,PA,17402-8046,,78.0,,
5947,474997,All-State Career School-Health Sciences,Essington,PA,19029,,355.0,16648.0,
5955,475194,Miller-Motte Technical College-Roanoke,Roanoke,VA,24018,,74.0,10660.0,
5999,476179,Empire Beauty School-Virginia Beach,Virginia Beach,VA,23462-6779,,146.0,,
6013,476568,Tomorrow's Image Barber And Beauty Academy of Virginia,Newport News,VA,23608-5532,,15.0,,
6016,476601,Bais HaMedrash and Mesivta of Baltimore,Baltimore,MD,21209-1613,1.0,76.0,12700.0,
6064,479248,Columbia College,Centreville,VA,20121,,151.0,,
6066,479956,Pennsylvania State University-World Campus,University Park,PA,16802-1503,0.6679,8108.0,13988.0,
6081,480134,Elizabethtown College School of Continuing and Professional Studies,Elizabethtown,PA,17022-2298,0.9286,328.0,,
6084,480189,Mercyhurst University-North East Campus,North East,PA,16428,,751.0,18450.0,
6088,480310,Empire Beauty School-Glen Burnie,Glen Burnie,MD,21061,,112.0,,
6089,480329,Altierus Career College-Woodbridge,Woodbridge,VA,22192-6808,,224.0,,
6099,480693,Columbia Institute,Silver Spring,MD,20906-4503,,95.0,,
6114,480930,Paul Mitchell the School-Woodbridge,Woodbridge,VA,22192,,126.0,,
6118,480994,Aspen Beauty Academy of Laurel,Laurel,MD,20724,,59.0,,
6120,481021,Berks Career & Technology Center,Leesport,PA,19533-9112,,39.0,,
6134,481207,Institute of Health Sciences,Hunt Valley,MD,21031-1408,,83.0,15150.0,
6160,481526,The Chrysm Insitute of Esthetics,Virginia Beach,VA,23462-2980,,126.0,,
6183,482103,Finger Lakes School of Massage,FREDERICK,MD,21703-3030,,32.0,,
6215,482608,DeVry University-Pennsylvania,Ft. Washington,PA,19034,1.0,338.0,17572.0,
6218,482653,DeVry University-Virginia,Arlington,VA,22202,0.7,227.0,17572.0,
6222,482927,McCann School of Business & Technology,Wilkes-Barre,PA,18702,,125.0,11640.0,
6233,483054,Barber School of Pittsburgh,Pittsburgh,PA,15220,,78.0,,
6243,483346,Divine Crown Barber & Beauty Academy,Harrisburg,PA,17110,,40.0,,
6263,483726,Luckes Beauty Academy LLC,Newport  News,VA,23601-1303,,32.0,,
6266,483753,Champ's Barber School,Lancaster,PA,17602-3809,,37.0,,
6267,483780,IGlobal University,Vienna,VA,22182-2734,,64.0,13820.0,
6269,483805,National Personal Training Institute,Vienna,VA,22182-2412,,57.0,,
6270,483814,Standard Healthcare Services-College of Nursing,Falls Church,VA,22043,0.4653,351.0,,
6271,483823,Philadelphia Technician Training,Philadelphia,PA,19138-1324,,171.0,,
6331,484765,University of Phoenix-Virginia,Virginia Beach,VA,23462,,191.0,9840.0,
6332,484783,University of Phoenix-Pennsylvania,Philadelphia,PA,19103,,141.0,9960.0,
6338,484923,Dermal Science International Aesthetics and Nail Academy,Reston,VA,20190,,75.0,,
6349,485236,Fountain of Youth Academy of Cosmetology,Mars,PA,16046,,36.0,,
6360,485397,Empire Beauty School-Cheltenham,Wyncote,PA,19095,,106.0,,
6383,485856,Studio Incamminati,Philadelphia,PA,19107-1105,1.0,36.0,12625.0,
6392,486105,Professional Academy of Cosmetology,Norristown,PA,19401-0000,,8.0,,
6413,486424,Saint Michael College of Allied Health,Alexandria,VA,22309-2348,,45.0,16300.0,
6426,486594,Wave Leadership College,Virginia Beach,VA,23454-2140,,52.0,7320.0,
6483,487676,The Temple Annapolis-A Paul Mitchell Partner School,Annapolis,MD,21401-3833,,176.0,,
6527,488262,Hair Academy School of Barbering & Beauty,Newark,DE,19713-2305,,33.0,,
6536,488369,Premier Barber Institute,Norristown,PA,19401-5163,,46.0,,
6592,490106,Virginia University of Integrative Medicine,Fairfax,VA,22031-5310,,,,
6607,490258,American Barber Academy,Reading,PA,19611-2040,,49.0,,
6626,490443,The Esthetic Institute,Vienna,VA,22182-3818,,147.0,,
6693,11710401,Life Pacific University-Virginia,Christiansburg,VA,24073,,,7228.0,
6717,12697901,Denver Seminary - Washington DC,Landover,MD,207852414,,,,
6725,13090701,Delaware Technical Community College-Owens,Georgetown,DE,19947,,,4848.0,
6726,13090702,Delaware Technical Community College-Stanton/Wilmington,Wilmington,DE,19801,,,4848.0,
6727,13180301,Strayer University-Takoma Park Campus,Washington,DC,20012,,,13857.0,
6799,16165101,Aesthetics Institute of Cosmetology - Winchester,Winchester,VA,226015914,,,,
6800,16210401,Cecil College - Elkton Station,Elkton,MD,219215535,,,4005.0,
6899,20651601,Winebrenner Theological Seminary -,Scotland,PA,172540473,,,,
6904,21078401,The Beauty Institute,Philadelphia,PA,19115,,,,
6905,21130701,Bucks County Community College-Upper Bucks Campus,Perkasie,PA,189440277,,,4418.0,
6906,21130702,Bucks County Community College-Lower Bucks Campus,Bristol,PA,190070277,,,4418.0,
6907,21287801,Harrisburg Area Community College-Lancaster,Lancaster,PA,176023403,,,6473.0,
6908,21287802,Harrisburg Area Community College-Gettysburg,Gettysburg,PA,173253403,,,6473.0,
6909,21287803,Harrisburg Area Community College-Lebanon,Lebanon,PA,170425235,,,6473.0,
6910,21287804,Harrisburg Area Community College-York,York,PA,174045235,,,6473.0,
6911,21429001,New Castle School of Trades,Pulaski,PA,161432522,,,,
6913,21437901,Northampton County Area Community College-Monroe,Tannersville,PA,18372,,,4230.0,
6914,21510501,Villanova University - Summer Music Studies Program,Villanova,PA,190853699,,,,
6915,21608301,South Hills School of Business and Technology-Altoona,Altoona,PA,16602,,,16608.0,
6930,23368401,Strayer University-Alexandria Campus,Alexandria,VA,22314,,,13857.0,
6931,23368402,Strayer University-Woodbridge Campus,Woodbridge,VA,22192,,,13857.0,
6932,23368403,Strayer University-Manassas Campus,Manassas,VA,20109,,,13857.0,
6933,23368404,Strayer University-Loudoun Campus,Ashburn,VA,20147,,,13857.0,
6934,23368405,Strayer University-Fredericksburg Campus,Fredericksburg,VA,22406,,,13857.0,
6935,23368407,Strayer University-Henrico Campus,Glen Allen,VA,23059,,,13857.0,
6936,23368408,Strayer University-Chesterfield Campus,Midlothian,VA,23113,,,13857.0,
6937,23368409,Strayer University-Chesapeake Campus,Chesapeake,VA,23320,,,13857.0,
6938,23368410,Strayer University-Newport News Campus,Newport News,VA,23602,,,13857.0,
6939,23368411,Strayer University-Virginia Beach Campus,Virginia Beach,VA,23462,,,13857.0,
6959,24893401,ECPI University-Newport News,Newport News,VA,23606,,,14941.0,
6963,24893405,ECPI University-Manassas,Manassas,VA,201091603,,,15246.0,
6968,24893410,ECPI University-Culinary Institute of Virginia,Norfolk,VA,235131603,,,15108.0,
6969,24893411,ECPI University-Virginia Beach Health Sciences,Virginia Beach,VA,234621603,,,15261.0,
6970,24893412,ECPI University-Richmond South,Richmond,VA,232361603,,,14985.0,
6971,24893413,ECPI University-Innsbrook,Glen Allen,VA,230601603,,,15263.0,
6972,24893414,ECPI University-Richmond West,Richmond,VA,232941603,,,16039.0,
6973,24893415,ECPI University - Roanoke,Roanoke,VA,240121603,,,15525.0,
6984,37593901,YTI Career Institute - Altoona,Altoona,PA,166024457,,,,
7004,43018401,Strayer University-Rockville Campus,Rockville,MD,20850,,,13857.0,
7005,43018402,Strayer University-Anne Arundel Campus,Millersville,MD,21108,,,13857.0,
7006,43018403,Strayer University-White Marsh Campus,Baltimore,MD,21236,,,13857.0,
7007,43018404,Strayer University-Owings Mills Campus,Owings Mills,MD,21117,,,13857.0,
7020,44378401,Strayer University-Delaware County Campus,Springfield,PA,19064,,,13857.0,
7021,44378403,Strayer University-Center City Campus,Philadelphia,PA,19102,,,13747.0,
7022,44378404,Strayer University-Lower Bucks County Campus,Trevose,PA,19053,,,13857.0,
7023,44378405,Strayer University-Warrendale Campus,Warrendale,PA,15086,,,13857.0,
7024,44378406,Strayer University-Allentown Campus,Center Valley,PA,18034,,,13857.0,
7063,45794301,Somerset County Technology Center - Bedford Site,Bedford,PA,15522,,,,
7084,47503303,Relay Graduate School of Education - Delaware,Wilmington,DE,19801,,,,
7089,47503308,Relay Graduate School of Education - Philadelphia & Camden,Philadelphia,PA,191224906,,,,
7094,47503313,Relay Graduate School of Education - Washington D.C,Washington,DC,20002,,,,
7103,48305401,Barber School of Pittsburgh - Ambridge,Ambridge,PA,150030000,,,,
